{
	"eventType": {
		"comment": "event name to use to log to .json files",
		"type": "Home streaming"
	},
	"Mode": 4,
	"Ratio": 32,
	"SenseOptions": {
		"comment": "lets you set what to sense",
		"TimeDomain": true,
		"FFT": true,
		"Power": true,
		"LD0": false,
		"LD1": false,
		"AdaptiveState": false,
		"LoopRecording": false,
		"Unused": false
	},
	"StreamEnables": {
		"comment": "lets you set what to stream",
		"TimeDomain": true,
		"FFT": false,
		"Power": true,
		"Accelerometry": true,
		"AdaptiveTherapy": false,
		"AdaptiveState": false,
		"EventMarker": false,
		"TimeStamp": true
	},
	"Sense": {
		"commentTDChannelDefinitions": "No more than two channels can be on a single bore. When configuring, channels on first bore will always be first. Can only have sampling rates of: 250, 500, and 1000 (Hz) or disable it by setting IsDisabled to true",
		"commentFilters": "Stage one low pass(Lpf1) can only be: 450, 100, or 50 (Hz). Stage two low pass(Lpf2) can only be: 1700, 350, 160, or 100 (Hz). High pass(Hpf) can only be: 0.85, 1.2, 3.3, or 8.6 (Hz), Inputs[ anode(positive), cathode(negative) ], tdEvokedResponseEnable can either be 0 for standard, 16 for evoked 0 or 32 for evoked 1",
		"TDSampleRate": 1000,
		"TimeDomains": [
			{
				"IsEnabled": true,
				"Hpf": 0.85,
				"Lpf1": 450,
				"Lpf2": 100,
				"Inputs": [
					0,
					2
				],
				"TdEvokedResponseEnable": 0
			},
			{
				"IsEnabled": true,
				"Hpf": 0.85,
				"Lpf1": 100,
				"Lpf2": 100,
				"Inputs": [
					1,
					3
				],
				"TdEvokedResponseEnable": 0
			},
			{
				"IsEnabled": true,
				"Hpf": 0.85,
				"Lpf1": 100,
				"Lpf2": 100,
				"Inputs": [
					8,
					9
				],
				"TdEvokedResponseEnable": 0
			},
			{
				"IsEnabled": true,
				"Hpf": 0.85,
				"Lpf1": 100,
				"Lpf2": 100,
				"Inputs": [
					10,
					11
				],
				"TdEvokedResponseEnable": 0
			}
		],
		"FFT": {
			"commentFFTParameters": "FFT Size can be: 64, 256, or 1024 samples, Hanning window load can be: 25, 50, or 100 (%), channel is for the fft channel must be between 0-3 and time domain must be enabled for that channel, WeightMultiplies can be shift: 0-7",
			"Channel": 1,
			"FftSize": 1024,
			"FftInterval": 100,
			"WindowLoad": 50,
			"StreamSizeBins": 0,
			"StreamOffsetBins": 0,
			"WindowEnabled": true,
			"WeightMultiplies": 7
		},
		"commentPower": "each power band can be set from 0-250hz, 2 pos bands per channel. Ex: ChNPowerBandN:[lower, upper]",
		"PowerBands": [
			{
				"comment": "Channel: 0 PowerBand: 0",
				"ChannelPowerBand": [
					1,
					5
				],
				"IsEnabled": true
			},
			{
				"comment": "Channel: 0 PowerBand: 1",
				"ChannelPowerBand": [
					5,
					15
				],
				"IsEnabled": true
			},
			{
				"comment": "Channel: 1 PowerBand: 0",
				"ChannelPowerBand": [
					1,
					5
				],
				"IsEnabled": true
			},
			{
				"comment": "Channel: 1 PowerBand: 1",
				"ChannelPowerBand": [
					5,
					15
				],
				"IsEnabled": true
			},
			{
				"comment": "Channel: 2 PowerBand: 0",
				"ChannelPowerBand": [
					1,
					5
				],
				"IsEnabled": true
			},
			{
				"comment": "Channel: 2 PowerBand: 1",
				"ChannelPowerBand": [
					5,
					15
				],
				"IsEnabled": true
			},
			{
				"comment": "Channel: 3 PowerBand: 0",
				"ChannelPowerBand": [
					1,
					5
				],
				"IsEnabled": true
			},
			{
				"comment": "Channel: 3 PowerBand: 1",
				"ChannelPowerBand": [
					5,
					15
				],
				"IsEnabled": true
			}
		],
		"Accelerometer": {
			"commentAcc": "Can be 4,8,16,32,64Hz or set SampleRateDisabled to true for disabled",
			"SampleRateDisabled": false,
			"SampleRate": 8
		},
		"Misc": {
			"commentMiscParameters": "stream rate can be 30-100 by tens and is in ms; LoopRecordingTriggersState can be 0-8 or can be disabled by changing IsEnabled to false; Bridging can be 0 = None, 1 = Bridge 0-2 enabled, 2 = Bridge 1-3 enabled",
			"StreamingRate": 100,
			"LoopRecordingTriggersState": 0,
			"LoopRecordingTriggersIsEnabled": true,
			"LoopRecordingPostBufferTime": 53,
			"Bridging": 0
		}
	}
}